Sr No,bike_brand,model,make_year,reg_number,owner_name,date_purchased,purchase_price,date_sold,service_cost,insurance_cost,transfer_cost,Other_expenses,total_cost,sell_price,profit_akhi,profit_mussi,total_profit,profit_percentage,profit_annual,Remarks,Status
1,Yamaha,FZ,,,,22/07/2025,75000,22/04/2025,0,0,0,0,75000,86920,5960,5960,11920,7.946666667,-26.41%,,Sold
2,KTM,RC 390,,,,08/02/2025,125000,07/10/2025,0,0,0,0,125000,135000,5000,5000,10000,4,6.12%,,Sold
3,Bajaj,Dominar,,,,09/04/2025,55000,27/07/2025,0,0,0,0,55000,65000,5000,5000,10000,9.090909091,33.83%,,Sold
4,BMW,GT310,,,,09/09/2025,60000,27/08/2025,0,0,0,0,60000,70000,5000,5000,10000,8.333333333,-89.43%,,Sold
5,Yamaha,R15 V4,,,,28/08/2025,125000,15/01/2025,4000,0,0,0,129000,125000,-2000,0,-4000,-1.550387597,2.65%,,Sold
6,Harley,Street 750,,,,10/01/2025,141000,14/09/2025,0,0,0,0,141000,165000,12000,12000,24000,8.510638298,12.83%,,Sold
7,Apache,RTR,,,,10/11/2025,90000,12/05/2025,0,0,0,0,90000,90000,0,0,0,0,0.00%,,Sold
8,Benelli,502 TRK,,,,25/10/2025,325000,10/01/2025,23000,0,0,0,348000,387009,19504.5,19504.5,39009,5.604741379,-7.12%,,Sold
9,KTM,Duke 390,,,,28/10/2025,110000,10/02/2025,0,0,0,0,110000,130000,10000,10000,20000,9.090909091,-11.50%,,Sold
10,Benelli,300i,,,,11/01/2025,175000,11/03/2025,0,0,0,0,175000,220000,22500,22500,45000,12.85714286,111.33%,,Sold
11,Kawasaki,Ninja 300,2022,,,11/03/2025,230000,30/12/2025,0,0,0,0,230000,253500,11750,11750,23500,5.108695652,6.38%,,Sold
12,Yamaha,R15,,,,11/05/2025,80000,12/02/2025,0,0,0,0,80000,94000,7000,7000,14000,8.75,-29.38%,,Sold
13,KTM,Adventure 390,2020,,,11/05/2025,150000,20/02/2026,0,0,0,0,150000,186250,18125,18125,36250,12.08333333,15.73%,,Sold
14,Yamaha,R15,,,,13/11/2025,75000,12/10/2025,0,0,0,0,75000,93300,9150,9150,18300,12.2,-73.10%,,Sold
15,Yamaha,MT15,2024,,,18/11/2025,120000,12/10/2025,0,0,0,0,120000,134600,7300,7300,14600,6.083333333,-44.15%,,Sold
16,Hero,XPulse,2022,,,18/11/2025,92500,12/05/2025,0,0,0,0,92500,105234,6367,6367,12734,6.883243243,-12.00%,,Sold
17,Bajaj,Pulsar N160,2024,,,12/05/2025,92500,12/10/2025,0,0,0,0,92500,108000,7750,7750,15500,8.378378378,21.16%,,Sold
18,Yamaha,R15 V3,2019,,,12/05/2025,92500,,0,0,0,0,92500,,,,,0,,,Available
19,Yamaha,FZ 25,2017,,,12/10/2025,48000,,0,0,0,0,48000,,,,,,,,Available
20,RE,Interceptor,2021,,,14/12/2025,195000,26/04/2026,0,3400,2200,0,200600,225000,12200,12200,24400,,18.12%,,Sold
21,Bajaj,Pulsar 200,2023,,,14/12/2025,98000,31/05/2026,0,0,0,0,98000,108000,5000,5000,10000,,,,Sold
22,TVS,Jupiter,2018,,,14/12/2025,35000,22/12/2025,0,0,0,0,35000,40700,2850,2850,5700,8.142857143,3457.55%,,Sold
23,Yamaha,MT15,2022,,,29/12/2025,93500,,9000,0,0,0,102500,119000,8250,8250,16500,,,,Sold
24,Yamaha,MT15,2021,,,11/03/2025,97000,03/04/2026,0,0,0,0,97000,108450,5725,5725,11450,5.902061856,5.54%,,Sold
25,Yamaha,R15 Red,2019,,,30/01/2025,76000,17/03/2026,0,1550,1500,0,79050,91000,5975,5975,11950,7.558507274,6.95%,,Sold
26,Suzuki,Hayabusa,2009,,,30/01/2025,650000,,0,0,0,0,650000,,,,,,,,Available
27,Hero,XPulse Rally,2024,,,30/01/2025,84000,02/12/2026,0,0,0,0,84000,115000,15500,15500,31000,18.45238095,9.65%,,Sold
28,Bajaj,Pulsar N250,2022,,,30/01/2025,90000,25/05/2026,2000,0,0,0,92000,110000,9000,9000,18000,,,,Sold
29,Apache,RTR 200,2017,,,12/02/2026,47000,,0,0,0,0,47000,,,,,,,,Available
30,KTM,RC 200,2016,,,20/02/2026,58000,03/04/2025,0,0,0,0,58000,75000,8500,8500,17000,14.65517241,-14.32%,,Sold
31,Honda,Activa,2018,,,06/03/2026,35000,,3780,800,1500,0,41080,46800,2860,2860,5720,,,,Sold
32,Yamaha,MT15,2020,,,03/06/2026,87000,02/12/2026,0,0,0,0,87000,96948,4974,4974,9948,5.717241379,11.80%,,Sold
33,KTM,Duke 200,2021,,,14/03/2026,90000,,0,0,0,0,90000,,,,,,,,Available
34,Benelli,600i,2016,,,15/03/2026,270000,17/03/2026,1500,0,0,0,271500,300000,14250,14250,28500,5.248618785,1192375.40%,,Sold
35,Hero,XPulse,2022,,,16/03/2026,83000,,0,0,0,0,83000,,,,,0,,,Available
36,Yamaha,R15 V2,2016,,,16/03/2026,35500,,2000,0,0,0,37500,,,,,0,,,Available
37,Yamaha,Fz Gloss Black,,,,17/03/2026,76000,,0,0,0,0,76000,,,,,0,,,Available
38,Yamaha,Fz V3.0. Gray,2022,,Sandip,26/03/2026,67000,,0,0,0,0,67000,,,,,0,,,Available
39,Yamaha,R15 V2 blue,2012,,,26/03/2026,27000,,0,0,0,0,27000,27000,0,,0,0,,,Sold
40,Yamaha,FZ V3 matte black,,,,30/03/2026,67000,,1820,0,0,0,68820,85000,8090,8090,16180,11.75530369,,,Sold
41,KTM,RC390,2016,,Lokesh,06/03/2026,70000,,0,0,0,0,70000,85000,7500,7500,15000,10.71428571,,,Sold
42,TVS,Apache 310,,,DW,08/04/2026,145000,,0,0,0,0,145000,,,,,0,,,Available
43,TVS,Apache RTR 200,,,,11/04/2026,45000,,0,0,0,0,45000,57000,6000,,12000,13.33333333,,,Sold
44,KTM,Duke 200,2013,,,15/04/2026,51000,,0,0,0,0,51000,,,,,0,,,Available
45,Yamaha,R15 V3.0 Black,2021,,Mahesh ovhal,18/04/2026,89000,22/05/2026,1750,0,0,1000,91750,105000,6625,6625,13250,7.220708447,,,Sold
46,Triumph ,Speed 400,,,,26/04/2026,185000,,0,0,0,0,185000,197500,6250,6250,12500,3.378378378,,,Sold
47,Benelli,600i,2016,,,30/04/2026,281800,,0,0,0,0,281800,,,,,,,,Available
48,Tvs ,N Torq,2018,,,20/05/2026,37000,,0,0,0,0,37000,,,,,,,,Available
50,Benelli,300i,2015,,,20/05/2026,113000,22/07/2026,17350,0,1500,0,131850,155000,11575,11575,23150,8.778915434,,,Sold
51,KTM,Duke 200,,,,21/05/2026,80000,,0,0,0,0,80000,,,,,,,,Available
52,KTM,Adv 390,2020,,,19/05/2026,167000,,4680,,2400,,174080,210000,17960,17960,35920,10.31709559,,,Sold
53,Kawasaki,Ninja 250,2012,,bike trends Raj,24/05/2026,55000,,950,0,1500,650,58100,85000,13450,13450,26900,23.14974182,,,Sold
54,KTM,RC390,2016,,Pratik,24/04/2026,70000,,0,0,0,0,70000,,,,,,,,Available
55,Hero,Xpulse,2020,,,21/05/2026,75000,,0,0,0,0,75000,,,,,,,,Available
56,BMW,S1000RR,2012,,Ryan,19/05/2026,810000,,10500,0,0,46284,866784,,,,,,,,Available
57,Hero,Xpulse 2004V,2023,,,24/05/2026,92000,,0,0,0,0,92000,,,,,,,,Available
58,Kawasaki,Ninja 300,2014,,,10/06/2026,61000,,0,0,0,0,61000,,,,,,,,Available
59,Triumph ,Speed 400,2024,,Mandar,19/06/2026,185000,,0,0,0,0,185000,,,,,,,,Available
60,Yamaha,FZ,2012,,,21/06/2026,16000,,0,0,0,0,16000,,,,,,,,Available
61,Bajaj,NS125,2023,,,21/06/2026,58000,,0,0,0,0,58000,,,,,,,,Available
62,RE,Bullet 350 standard,2013,,Faheem Shaikh,22/06/2026,87500,,4750,0,0,0,92250,115000,11375,11375,22750,12.33062331,,,Sold
63,Triumph ,Speed 400,2025,,,24/06/2026,180000,,0,0,0,0,180000,,,,,,,,Available
64,KTM,Adv 390,2022,,Kalyani Udayabhanu,20/07/2026,205800,,0,0,0,0,205800,,,,,,,,Available
65,KTM,Duke 390 BS4,2017,,Sam,17/07/2026,72000,,0,0,0,0,72000,,,,,,,,Available
66,Yamaha,R15 ABS,2019,,Tejas,22/07/2026,62000,,0,0,0,0,62000,,,,,,,DRC Pending,Available
67,KTM,Adv 390,2020,,Jignesh,25/07/2026,145000,,0,0,0,0,145000,,,,,,,,Available
